{
    "max_allocations": 50,
    "auto_emmit": 1,
    "aplha_cannel": 1,
    "span_time": 10,
    "span_amount": 3,
    "radius": 2,
    "min_particle_radius": 1,
    "max_particle_radius": 1,
    "y_min_velocity": 0,
    "y_max_velocity": 0,
    "x_min_velocity": -40,
    "x_max_velocity": -50,
    "life_time": 200,
    "color_type": 1,
    "blending": 1,
    "fade_inout": 0,
    "use_image": 0,
    "position": {
        "x": 480,
        "y": 320,
        "width": 0,
        "height": 0
    },
    "color_stack": [
        {
            "r": 231,
            "g": 214,
            "b": 156
        },
        {
            "r": 181,
            "g": 165,
            "b": 107
        },
        {
            "r": 123,
            "g": 115,
            "b": 99
        }
    ],
    "particle_type": 1
}